x_match,q,A_threshold_C_ge_1
3.0,2,6.6000000000000005
3.0,4,9.2
4.0,2,7.000000000000001
4.0,4,8.799999999999999
5.0,2,7.6000000000000005
5.0,4,9.2
